<botcomponent schemaname="new_topic_da6175f31fff43afa628f71d4784a1ce_85df75ce08a44a9b82cc8f3fdb25f669">
  <componenttype>0</componenttype>
  <description>레슨 4 - 이 레슨에서는 계속해서 조건부 분기, 변수, 사용자 지정 엔터티로 토픽을 만드는 방법을 보여줍니다. 

특히, 엔터티가 후속 질문을 우회할 수 있도록 합니다. 예를 들어 "업무용 노트북이 필요합니다."로 테스트해 봅니다.</description>
  <iscustomizable>1</iscustomizable>
  <name>레슨 4 - 조건, 변수, 사용자 지정 엔터티가 있는 토픽</name>
  <statecode>0</statecode>
  <statuscode>1</statuscode>
</botcomponent>