<botcomponent schemaname="new_topic_53835c2b30f240aaae022f29fa41c5b6_33d5123770ba4daeafae51b361ddc80a">
  <componenttype>0</componenttype>
  <description>레슨 1 - 이 레슨에서는 하나의 조건 분기로 단순 토픽을 만드는 방법을 보여줍니다.

다음 레슨 몇 개에서는 변수, 조건, 엔터티를 추가하고 정의하는 방법을 보여줍니다.

Power Virtual Agents에 오신 것을 환영합니다!</description>
  <iscustomizable>1</iscustomizable>
  <name>레슨 1 - 단순 토픽</name>
  <statecode>0</statecode>
  <statuscode>1</statuscode>
</botcomponent>