{
  "intents": [
    {
      "triggerQueries": [
        "언제 닫으시나요?",
        "언제 닫으세요?",
        "언제 여시나요?",
        "언제 여세요?",
        "매장 시간",
        "일일 영업 시간"
      ],
      "dialogId": "new_topic_53835c2b30f240aaae022f29fa41c5b6_33d5123770ba4daeafae51b361ddc80a",
      "isTriggeringEnabled": true,
      "id": "new_topic_53835c2b30f240aaae022f29fa41c5b6_33d5123770ba4daeafae51b361ddc80a",
      "displayName": "레슨 1 - 단순 토픽",
      "description": "레슨 1 - 이 레슨에서는 하나의 조건 분기로 단순 토픽을 만드는 방법을 보여줍니다.\n\n다음 레슨 몇 개에서는 변수, 조건, 엔터티를 추가하고 정의하는 방법을 보여줍니다.\n\nPower Virtual Agents에 오신 것을 환영합니다!",
      "createdTime": "2019-01-15T00:00:00Z",
      "updatedTime": "2022-08-20T07:42:39.9373739Z",
      "createdUserId": "user0",
      "updatedUserId": "4892479f-39d5-480c-b8b0-da91a8b94d7a"
    }
  ],
  "dialogs": [
    {
      "rootNodeId": "e901982c-a22d-4074-b8c7-f7842977a047",
      "messageNodes": [
        {
          "botMessageId": "159e7c92-8871-41a0-a739-9f67085f995f",
          "nodeType": "BotMessageNode",
          "id": "e901982c-a22d-4074-b8c7-f7842977a047",
          "defaultTargetNodeId": "1f6c0946-4d56-4714-96f5-15e2247e953b"
        },
        {
          "botMessageId": "614e2fa3-2cf0-42e3-a2eb-18f9fb274ee6",
          "nodeType": "BotMessageNode",
          "id": "1f6c0946-4d56-4714-96f5-15e2247e953b",
          "defaultTargetNodeId": "6e127cd1-99ff-4c5e-8f3e-9ae93c0d4777"
        }
      ],
      "dialogChangeNodes": [
        {
          "targetDialogId": "new_topic_53835c2b30f240aaae022f29fa41c5b6_aeabea4d071f415c8c107e1cb7af5424_assumedsuccess",
          "nodeType": "DialogChangeNode",
          "id": "6e127cd1-99ff-4c5e-8f3e-9ae93c0d4777"
        }
      ],
      "id": "new_topic_53835c2b30f240aaae022f29fa41c5b6_33d5123770ba4daeafae51b361ddc80a",
      "displayName": "대화",
      "createdTime": "2019-01-15T00:00:00Z",
      "updatedTime": "2022-08-20T07:42:39.9373739Z",
      "createdUserId": "user0",
      "updatedUserId": "4892479f-39d5-480c-b8b0-da91a8b94d7a"
    }
  ],
  "botMessages": [
    {
      "channelContent": {
        "web": {
          "contentFormat": "Markdown",
          "content": "매장 시간을 알려드리게 되어 기쁩니다."
        }
      },
      "id": "159e7c92-8871-41a0-a739-9f67085f995f",
      "createdTime": "2019-01-15T00:00:00Z",
      "updatedTime": "2022-08-20T07:42:39.9373739Z",
      "createdUserId": "user0",
      "updatedUserId": "4892479f-39d5-480c-b8b0-da91a8b94d7a"
    },
    {
      "channelContent": {
        "web": {
          "contentFormat": "Markdown",
          "content": "성동구 영업 시간:\n\n*   월-금: 오전 9시 ~ 오후 6시\n*   토: 오전 10시 ~ 오후 4시\n*   일: 휴무\n\n중구 영업 시간:\n\n*   월-금: 오전 9시 ~ 오후 6시\n*   토, 일: 오전 10시 ~ 오후 4시"
        }
      },
      "id": "614e2fa3-2cf0-42e3-a2eb-18f9fb274ee6",
      "createdTime": "2019-10-24T04:02:13.435Z",
      "updatedTime": "2022-08-20T07:42:39.9373739Z",
      "createdUserId": "user0",
      "updatedUserId": "4892479f-39d5-480c-b8b0-da91a8b94d7a"
    }
  ]
}