{
  "properties": {
    "connectionReferences": {
      "shared_excelonline_1": {
        "runtimeSource": "embedded",
        "connection": {
          "connectionReferenceLogicalName": "new_sharedexcelonline_d4c8f"
        },
        "api": {
          "name": "shared_excelonline"
        }
      },
      "shared_excelonline_2": {
        "runtimeSource": "embedded",
        "connection": {
          "connectionReferenceLogicalName": "new_sharedexcelonline_75ba8"
        },
        "api": {
          "name": "shared_excelonline"
        }
      }
    },
    "definition": {
      "$schema": "https://schema.management.azure.com/providers/Microsoft.Logic/schemas/2016-06-01/workflowdefinition.json#",
      "contentVersion": "1.0.0.0",
      "parameters": {
        "$connections": {
          "defaultValue": {},
          "type": "Object"
        },
        "$authentication": {
          "defaultValue": {},
          "type": "SecureObject"
        }
      },
      "triggers": {
        "manual": {
          "metadata": {
            "operationMetadataId": "d82e2491-7c99-44ca-ac26-6d6904c1a196"
          },
          "type": "Request",
          "kind": "VirtualAgent",
          "inputs": {
            "schema": {
              "type": "object",
              "properties": {
                "text": {
                  "title": "BugURLVar",
                  "type": "string",
                  "x-ms-dynamically-added": true,
                  "description": "입력하세요.",
                  "x-ms-content-hint": "TEXT"
                },
                "text_1": {
                  "title": "NewBugState",
                  "type": "string",
                  "x-ms-dynamically-added": true,
                  "description": "입력하세요.",
                  "x-ms-content-hint": "TEXT"
                },
                "text_2": {
                  "title": "WorkerName",
                  "type": "string",
                  "x-ms-dynamically-added": true,
                  "description": "입력하세요.",
                  "x-ms-content-hint": "TEXT"
                },
                "text_3": {
                  "title": "NewDueDate",
                  "type": "string",
                  "x-ms-dynamically-added": true,
                  "description": "입력하세요.",
                  "x-ms-content-hint": "TEXT"
                },
                "text_4": {
                  "title": "WorkerDepart",
                  "type": "string",
                  "x-ms-dynamically-added": true,
                  "description": "입력하세요.",
                  "x-ms-content-hint": "TEXT"
                }
              },
              "required": [
                "text",
                "text_1",
                "text_2",
                "text_3",
                "text_4"
              ]
            }
          }
        }
      },
      "actions": {
        "행_가져오기": {
          "runAfter": {},
          "metadata": {
            "3A7B32F777C7FB90!6048": "/BugFix_JS2022/CurBugStates.xlsx",
            "operationMetadataId": "0c11b7f9-3c41-429d-81d8-28db58ae626d"
          },
          "type": "OpenApiConnection",
          "inputs": {
            "host": {
              "connectionName": "shared_excelonline_1",
              "operationId": "GetItem",
              "apiId": "/providers/Microsoft.PowerApps/apis/shared_excelonline"
            },
            "parameters": {
              "file": "3A7B32F777C7FB90!6048",
              "table": "{00000000-000C-0000-FFFF-FFFF00000000}",
              "idColumn": "URLStringOutput",
              "id": "@triggerBody()['text']"
            },
            "authentication": "@parameters('$authentication')"
          }
        },
        "조건": {
          "actions": {
            "행_업데이트": {
              "runAfter": {},
              "metadata": {
                "3A7B32F777C7FB90!6048": "/BugFix_JS2022/CurBugStates.xlsx",
                "operationMetadataId": "2eb67d12-c865-484a-899c-a4acad0770c4"
              },
              "type": "OpenApiConnection",
              "inputs": {
                "host": {
                  "connectionName": "shared_excelonline_2",
                  "operationId": "PatchItem",
                  "apiId": "/providers/Microsoft.PowerApps/apis/shared_excelonline"
                },
                "parameters": {
                  "file": "3A7B32F777C7FB90!6048",
                  "table": "{00000000-000C-0000-FFFF-FFFF00000000}",
                  "idColumn": "URLStringOutput",
                  "id": "@triggerBody()['text']",
                  "item/BugReportBool": "@outputs('행_가져오기')?['body/BugReportBool']",
                  "item/URLStringOutput": "@triggerBody()['text']",
                  "item/CurrentBugState": "@triggerBody()['text_1']",
                  "item/CurrentWorker": "@triggerBody()['text_2']",
                  "item/CurWorkerPart": "@triggerBody()['text_4']",
                  "item/CurrentDueDate": "@triggerBody()['text_3']",
                  "item/BugPoint": "5"
                },
                "authentication": "@parameters('$authentication')"
              }
            },
            "Power_Virtual_Agents로_값_반환_2": {
              "runAfter": {
                "행_업데이트": [
                  "Succeeded"
                ]
              },
              "metadata": {
                "operationMetadataId": "27bc0247-dc39-4efc-8b3b-73672d35a71c"
              },
              "type": "Response",
              "kind": "VirtualAgent",
              "inputs": {
                "statusCode": 200,
                "body": {
                  "assignsuccessbool": "TRUE"
                },
                "schema": {
                  "type": "object",
                  "properties": {
                    "assignsuccessbool": {
                      "title": "AssignSuccessBool",
                      "x-ms-dynamically-added": true,
                      "type": "boolean"
                    }
                  }
                }
              }
            }
          },
          "runAfter": {
            "행_가져오기": [
              "Succeeded"
            ]
          },
          "else": {
            "actions": {
              "Power_Virtual_Agents로_값_반환": {
                "runAfter": {},
                "metadata": {
                  "operationMetadataId": "cdc3a4b6-2e16-4c00-a846-0661d9a0ff03"
                },
                "type": "Response",
                "kind": "VirtualAgent",
                "inputs": {
                  "statusCode": 200,
                  "body": {
                    "assignsuccessbool": "FALSE"
                  },
                  "schema": {
                    "type": "object",
                    "properties": {
                      "assignsuccessbool": {
                        "title": "AssignSuccessBool",
                        "x-ms-dynamically-added": true,
                        "type": "boolean"
                      }
                    }
                  }
                }
              }
            }
          },
          "expression": {
            "equals": [
              "@outputs('행_가져오기')?['body/CurrentWorker']",
              "NULL"
            ]
          },
          "metadata": {
            "operationMetadataId": "04dc93ee-97a0-4c20-9051-ae3a221a7ff3"
          },
          "type": "If"
        }
      },
      "outputs": {}
    }
  },
  "schemaVersion": "1.0.0.0"
}