{
  "properties": {
    "connectionReferences": {
      "shared_excelonline_2": {
        "runtimeSource": "embedded",
        "connection": {
          "connectionReferenceLogicalName": "new_sharedexcelonline_1730e"
        },
        "api": {
          "name": "shared_excelonline"
        }
      }
    },
    "definition": {
      "$schema": "https://schema.management.azure.com/providers/Microsoft.Logic/schemas/2016-06-01/workflowdefinition.json#",
      "contentVersion": "1.0.0.0",
      "parameters": {
        "$connections": {
          "defaultValue": {},
          "type": "Object"
        },
        "$authentication": {
          "defaultValue": {},
          "type": "SecureObject"
        }
      },
      "triggers": {
        "manual": {
          "metadata": {
            "operationMetadataId": "747404fa-a37d-43c4-8e2e-42ce14d33515"
          },
          "type": "Request",
          "kind": "VirtualAgent",
          "inputs": {
            "schema": {
              "type": "object",
              "properties": {
                "text": {
                  "title": "BugURLVar",
                  "type": "string",
                  "x-ms-dynamically-added": true,
                  "description": "입력하세요.",
                  "x-ms-content-hint": "TEXT"
                },
                "text_1": {
                  "title": "WorkerName",
                  "type": "string",
                  "x-ms-dynamically-added": true,
                  "description": "입력하세요.",
                  "x-ms-content-hint": "TEXT"
                },
                "text_2": {
                  "title": "WorkerPart",
                  "type": "string",
                  "x-ms-dynamically-added": true,
                  "description": "입력하세요.",
                  "x-ms-content-hint": "TEXT"
                }
              },
              "required": [
                "text",
                "text_1",
                "text_2"
              ]
            }
          }
        }
      },
      "actions": {
        "Return_value(s)_to_Power_Virtual_Agents": {
          "runAfter": {
            "행_업데이트_2": [
              "Succeeded"
            ]
          },
          "metadata": {
            "operationMetadataId": "238a5f90-0d61-47bf-a20e-2bfd9e5a5171"
          },
          "type": "Response",
          "kind": "VirtualAgent",
          "inputs": {
            "statusCode": 200,
            "body": {
              "newbugscore": "@{add(5, int(outputs('행_가져오기_2')?['body/CurBugPoint']))}"
            },
            "schema": {
              "type": "object",
              "properties": {
                "newbugscore": {
                  "title": "NewBugScore",
                  "x-ms-dynamically-added": true,
                  "type": "number"
                }
              }
            }
          }
        },
        "행_가져오기": {
          "runAfter": {},
          "metadata": {
            "3A7B32F777C7FB90!6048": "/BugFix_JS2022/CurBugStates.xlsx",
            "operationMetadataId": "f6e5c85a-0840-48e0-bd65-6c6690c47381"
          },
          "type": "OpenApiConnection",
          "inputs": {
            "host": {
              "connectionName": "shared_excelonline_2",
              "operationId": "GetItem",
              "apiId": "/providers/Microsoft.PowerApps/apis/shared_excelonline"
            },
            "parameters": {
              "file": "3A7B32F777C7FB90!6048",
              "table": "{00000000-000C-0000-FFFF-FFFF00000000}",
              "idColumn": "URLStringOutput",
              "id": "@triggerBody()['text']"
            },
            "authentication": "@parameters('$authentication')"
          }
        },
        "행_업데이트": {
          "runAfter": {
            "행_가져오기": [
              "Succeeded"
            ]
          },
          "metadata": {
            "3A7B32F777C7FB90!6048": "/BugFix_JS2022/CurBugStates.xlsx",
            "operationMetadataId": "a570c0fc-18c7-4181-a5b4-c9eb467fac8d"
          },
          "type": "OpenApiConnection",
          "inputs": {
            "host": {
              "connectionName": "shared_excelonline_2",
              "operationId": "PatchItem",
              "apiId": "/providers/Microsoft.PowerApps/apis/shared_excelonline"
            },
            "parameters": {
              "file": "3A7B32F777C7FB90!6048",
              "table": "{00000000-000C-0000-FFFF-FFFF00000000}",
              "idColumn": "URLStringOutput",
              "id": "@triggerBody()['text']",
              "item/BugReportBool": "@outputs('행_가져오기')?['body/BugReportBool']",
              "item/URLStringOutput": "@outputs('행_가져오기')?['body/URLStringOutput']",
              "item/CurrentBugState": "Fixed",
              "item/CurrentWorker": "@triggerBody()['text_1']",
              "item/CurWorkerPart": "@triggerBody()['text_2']",
              "item/CurrentDueDate": "NULL",
              "item/BugPoint": "5"
            },
            "authentication": "@parameters('$authentication')"
          }
        },
        "행_업데이트_2": {
          "runAfter": {
            "행_가져오기_2": [
              "Succeeded"
            ]
          },
          "metadata": {
            "3A7B32F777C7FB90!6051": "/BugFix_JS2022/WorkerLeaderBoard.xlsx",
            "operationMetadataId": "92c22b57-39a1-4d71-8ab5-131441c48175"
          },
          "type": "OpenApiConnection",
          "inputs": {
            "host": {
              "connectionName": "shared_excelonline_2",
              "operationId": "PatchItem",
              "apiId": "/providers/Microsoft.PowerApps/apis/shared_excelonline"
            },
            "parameters": {
              "file": "3A7B32F777C7FB90!6051",
              "table": "{00000000-000C-0000-FFFF-FFFF00000000}",
              "idColumn": "WorkerName",
              "id": "@triggerBody()['text_1']",
              "item/WorkerName": "@triggerBody()['text_1']",
              "item/WorkerPart": "@triggerBody()['text_2']",
              "item/CurBugPoint": "@add(5, int(outputs('행_가져오기_2')?['body/CurBugPoint']))",
              "item/__PowerAppsId__": "@concat(length(string(rand(1, 9999999))), length(string(rand(1, 9999999))), length(string(rand(1, 9999999))), length(string(rand(1, 9999999))), length(string(rand(1, 9999999))), length(string(rand(1, 9999999))), length(string(rand(1, 9999999))), length(string(rand(1, 9999999))), length(string(rand(1, 9999999))), length(string(rand(1, 9999999))), length(string(rand(1, 9999999))))"
            },
            "authentication": "@parameters('$authentication')"
          }
        },
        "행_가져오기_2": {
          "runAfter": {
            "행_업데이트": [
              "Succeeded"
            ]
          },
          "metadata": {
            "3A7B32F777C7FB90!6051": "/BugFix_JS2022/WorkerLeaderBoard.xlsx",
            "operationMetadataId": "59a163ef-ff9d-4d34-90c3-b1173fec474d"
          },
          "type": "OpenApiConnection",
          "inputs": {
            "host": {
              "connectionName": "shared_excelonline_2",
              "operationId": "GetItem",
              "apiId": "/providers/Microsoft.PowerApps/apis/shared_excelonline"
            },
            "parameters": {
              "file": "3A7B32F777C7FB90!6051",
              "table": "{00000000-000C-0000-FFFF-FFFF00000000}",
              "idColumn": "WorkerName",
              "id": "@triggerBody()['text_1']"
            },
            "authentication": "@parameters('$authentication')"
          }
        }
      },
      "outputs": {}
    }
  },
  "schemaVersion": "1.0.0.0"
}