{
  "namedEntities": [
    {
      "synonyms": [
        "home"
      ],
      "id": "ff0ca6dd-de7a-4bee-b849-16210d63f3c5",
      "displayName": "가정 사용자",
      "updatedTime": "2022-08-20T07:42:39.9373739Z",
      "updatedUserId": "4892479f-39d5-480c-b8b0-da91a8b94d7a"
    },
    {
      "synonyms": [
        "gaming"
      ],
      "id": "2ccf421b-89a6-43a8-8b4f-b8d8f63b58bf",
      "displayName": "게이머",
      "updatedTime": "2022-08-20T07:42:39.9373739Z",
      "updatedUserId": "4892479f-39d5-480c-b8b0-da91a8b94d7a"
    },
    {
      "synonyms": [
        "business"
      ],
      "id": "2d32734c-9552-47c5-963b-563fe1d9ea7e",
      "displayName": "비즈니스 사용자",
      "updatedTime": "2022-08-20T07:42:39.9373739Z",
      "updatedUserId": "4892479f-39d5-480c-b8b0-da91a8b94d7a"
    }
  ],
  "closedListTypes": [
    {
      "namedEntities": [
        "ff0ca6dd-de7a-4bee-b849-16210d63f3c5",
        "2ccf421b-89a6-43a8-8b4f-b8d8f63b58bf",
        "2d32734c-9552-47c5-963b-563fe1d9ea7e"
      ],
      "smartMatchingEnabled": true,
      "customTypeSchema": "ClosedList",
      "id": "new_customtype_53835c2b30f240aaae022f29fa41c5b6_f86fcadfd497444e91ed11c12b059d10",
      "displayName": "사용 유형",
      "description": "레슨 4 사용 유형 엔터티",
      "createdTime": "2019-10-25T14:03:43.9601778Z",
      "updatedTime": "2022-08-20T07:42:39.9373739Z",
      "createdUserId": "user0",
      "updatedUserId": "4892479f-39d5-480c-b8b0-da91a8b94d7a"
    }
  ]
}