<botcomponent schemaname="new_topic_53835c2b30f240aaae022f29fa41c5b6_dbafebd526364487911b63a2a774389f">
  <componenttype>0</componenttype>
  <description>레슨 3 - 이 레슨에서는 하나의 조건 분기, 변수, 엔터티로 단순 토픽을 만드는 방법을 보여줍니다.

토픽에서 엔터티를 사용하면 봇은 사용자가 입력한 내용에서 핵심 정보를 식별하여 적극적으로 변수에 해당 정보를 채워 넣을 수 있습니다. 예를 들어, 고객이 "붉은 색 차를 사고 싶다"고 말하면 어떤 색의 차인지 물어볼 필요가 없습니다. 봇이 입력한 내용에서 색 엔터티를 인식하기 때문입니다. 그러면 봇은 귀하가 색에 대해 질문한 항목을 뛰어넘습니다. 

특정 옵션 목록을 식별하기 위해 엔터티를 사용할 수도 있습니다. 이 레슨에서는 도시를 엔터티로 식별하게 되며 그러면 봇은 사용자가 입력하는 모든 도시를 식별합니다.</description>
  <iscustomizable>1</iscustomizable>
  <name>레슨 3 - 조건, 변수 및 사전 빌드된 엔터티가 있는 토픽</name>
  <statecode>0</statecode>
  <statuscode>1</statuscode>
</botcomponent>