{
  "properties": {
    "connectionReferences": {
      "shared_office365": {
        "runtimeSource": "embedded",
        "connection": {
          "connectionReferenceLogicalName": "cr5f4_sharedoffice365_20318"
        },
        "api": {
          "name": "shared_office365"
        }
      },
      "shared_excelonline_1": {
        "runtimeSource": "embedded",
        "connection": {
          "connectionReferenceLogicalName": "new_sharedexcelonline_d4c8f"
        },
        "api": {
          "name": "shared_excelonline"
        }
      }
    },
    "definition": {
      "$schema": "https://schema.management.azure.com/providers/Microsoft.Logic/schemas/2016-06-01/workflowdefinition.json#",
      "contentVersion": "1.0.0.0",
      "parameters": {
        "$connections": {
          "defaultValue": {},
          "type": "Object"
        },
        "$authentication": {
          "defaultValue": {},
          "type": "SecureObject"
        }
      },
      "triggers": {
        "manual": {
          "metadata": {
            "operationMetadataId": "4c3aca98-2d5a-40b1-aef4-f9b09228482c"
          },
          "type": "Request",
          "kind": "VirtualAgent",
          "inputs": {
            "schema": {
              "type": "object",
              "properties": {
                "boolean": {
                  "title": "BugReportBool",
                  "type": "boolean",
                  "x-ms-dynamically-added": true,
                  "description": "예 또는 아니요를 선택하세요.",
                  "x-ms-content-hint": "BOOLEAN"
                },
                "text": {
                  "title": "URLStringOutput",
                  "type": "string",
                  "x-ms-dynamically-added": true,
                  "description": "입력하세요.",
                  "x-ms-content-hint": "TEXT"
                }
              },
              "required": [
                "boolean",
                "text"
              ]
            }
          }
        }
      },
      "actions": {
        "Return_value(s)_to_Power_Virtual_Agents": {
          "runAfter": {
            "메일_보내기(V2)": [
              "Succeeded"
            ]
          },
          "metadata": {
            "operationMetadataId": "f8ce8f6d-b832-4f3b-91e8-171a27537d57"
          },
          "type": "Response",
          "kind": "VirtualAgent",
          "inputs": {
            "statusCode": 200,
            "body": {
              "bugreportbool": "@{triggerBody()['boolean']}",
              "urlstringoutput": "@triggerBody()['text']"
            },
            "schema": {
              "type": "object",
              "properties": {
                "bugreportbool": {
                  "title": "BugReportBool",
                  "x-ms-dynamically-added": true,
                  "type": "boolean"
                },
                "urlstringoutput": {
                  "title": "URLStringOutput",
                  "x-ms-dynamically-added": true,
                  "type": "string"
                }
              }
            }
          }
        },
        "메일_보내기(V2)": {
          "runAfter": {
            "테이블에_행_추가": [
              "Succeeded"
            ]
          },
          "metadata": {
            "operationMetadataId": "af5a63da-920c-4b71-a34c-5175e65033bb"
          },
          "type": "OpenApiConnection",
          "inputs": {
            "host": {
              "connectionName": "shared_office365",
              "operationId": "SendEmailV2",
              "apiId": "/providers/Microsoft.PowerApps/apis/shared_office365"
            },
            "parameters": {
              "emailMessage/To": "wsms8646@gmail.com",
              "emailMessage/Subject": "BugReport about @{triggerBody()['text']}",
              "emailMessage/Body": "<p>@{triggerBody()['text']} has bug! We should fix it!<br>\nPlease checkout!!</p>",
              "emailMessage/Importance": "Normal"
            },
            "authentication": "@parameters('$authentication')"
          }
        },
        "테이블에_행_추가": {
          "runAfter": {},
          "metadata": {
            "3A7B32F777C7FB90!6048": "/BugFix_JS2022/CurBugStates.xlsx",
            "operationMetadataId": "c73fe940-24bf-4f8d-b9d9-9160df775c3f"
          },
          "type": "OpenApiConnection",
          "inputs": {
            "host": {
              "connectionName": "shared_excelonline_1",
              "operationId": "AddRowV2",
              "apiId": "/providers/Microsoft.PowerApps/apis/shared_excelonline"
            },
            "parameters": {
              "file": "3A7B32F777C7FB90!6048",
              "table": "{00000000-000C-0000-FFFF-FFFF00000000}",
              "item/BugReportBool": "@triggerBody()['boolean']",
              "item/URLStringOutput": "@triggerBody()['text']",
              "item/CurrentBugState": "NotFixed",
              "item/CurrentWorker": "NULL",
              "item/CurWorkerPart": "NULL",
              "item/CurrentDueDate": "NULL",
              "item/BugPoint": "5",
              "item/__PowerAppsId__": "@concat(length(string(rand(1, 9999999))), length(string(rand(1, 9999999))), length(string(rand(1, 9999999))), length(string(rand(1, 9999999))), length(string(rand(1, 9999999))), length(string(rand(1, 9999999))), length(string(rand(1, 9999999))), length(string(rand(1, 9999999))), length(string(rand(1, 9999999))), length(string(rand(1, 9999999))), length(string(rand(1, 9999999))))"
            },
            "authentication": "@parameters('$authentication')"
          }
        }
      },
      "outputs": {}
    }
  },
  "schemaVersion": "1.0.0.0"
}