<botcomponent schemaname="new_topic_53835c2b30f240aaae022f29fa41c5b6_21a34f1673a24096a99ba0effb63cc1d">
  <componenttype>0</componenttype>
  <description>레슨 2 - 이 레슨에서는 하나의 분기와 변수로 단순 토픽을 만드는 방법을 보여줍니다.

변수는 이 토픽 흐름에서 나중에 사용할 항목의 이름입니다. 이 예에서 "pva_StoreLocation"은 사용자에게 선호하는 매장 위치를 물을 때 변수의 이름입니다.</description>
  <iscustomizable>1</iscustomizable>
  <name>레슨 2 - 조건과 변수가 있는 단순 토픽</name>
  <statecode>0</statecode>
  <statuscode>1</statuscode>
</botcomponent>