<bot_botcomponentset>
  <bot_botcomponent botcomponentid.schemaname="new_customtype_53835c2b30f240aaae022f29fa41c5b6_92610204747047ac8f788f7eecd91118" botid.schemaname="new_bot_53835c2b30f240aaae022f29fa41c5b6">
    <iscustomizable>1</iscustomizable>
  </bot_botcomponent>
  <bot_botcomponent botcomponentid.schemaname="new_customtype_53835c2b30f240aaae022f29fa41c5b6_f86fcadfd497444e91ed11c12b059d10" botid.schemaname="new_bot_53835c2b30f240aaae022f29fa41c5b6">
    <iscustomizable>1</iscustomizable>
  </bot_botcomponent>
  <bot_botcomponent botcomponentid.schemaname="new_customtype_da6175f31fff43afa628f71d4784a1ce_92610204747047ac8f788f7eecd91118" botid.schemaname="new_bot_da6175f31fff43afa628f71d4784a1ce">
    <iscustomizable>1</iscustomizable>
  </bot_botcomponent>
  <bot_botcomponent botcomponentid.schemaname="new_customtype_da6175f31fff43afa628f71d4784a1ce_f86fcadfd497444e91ed11c12b059d10" botid.schemaname="new_bot_da6175f31fff43afa628f71d4784a1ce">
    <iscustomizable>1</iscustomizable>
  </bot_botcomponent>
  <bot_botcomponent botcomponentid.schemaname="new_topic_01189970c1e847389d2d3bec7f21b124" botid.schemaname="new_bot_53835c2b30f240aaae022f29fa41c5b6">
    <iscustomizable>1</iscustomizable>
  </bot_botcomponent>
  <bot_botcomponent botcomponentid.schemaname="new_topic_14a100a00d9643e4b240fd533627ed16" botid.schemaname="new_bot_53835c2b30f240aaae022f29fa41c5b6">
    <iscustomizable>1</iscustomizable>
  </bot_botcomponent>
  <bot_botcomponent botcomponentid.schemaname="new_topic_53835c2b30f240aaae022f29fa41c5b6_21a34f1673a24096a99ba0effb63cc1d" botid.schemaname="new_bot_53835c2b30f240aaae022f29fa41c5b6">
    <iscustomizable>1</iscustomizable>
  </bot_botcomponent>
  <bot_botcomponent botcomponentid.schemaname="new_topic_53835c2b30f240aaae022f29fa41c5b6_33d5123770ba4daeafae51b361ddc80a" botid.schemaname="new_bot_53835c2b30f240aaae022f29fa41c5b6">
    <iscustomizable>1</iscustomizable>
  </bot_botcomponent>
  <bot_botcomponent botcomponentid.schemaname="new_topic_53835c2b30f240aaae022f29fa41c5b6_3d2584ec30914684839527e05e7be172_thankyou" botid.schemaname="new_bot_53835c2b30f240aaae022f29fa41c5b6">
    <iscustomizable>1</iscustomizable>
  </bot_botcomponent>
  <bot_botcomponent botcomponentid.schemaname="new_topic_53835c2b30f240aaae022f29fa41c5b6_85df75ce08a44a9b82cc8f3fdb25f669" botid.schemaname="new_bot_53835c2b30f240aaae022f29fa41c5b6">
    <iscustomizable>1</iscustomizable>
  </bot_botcomponent>
  <bot_botcomponent botcomponentid.schemaname="new_topic_53835c2b30f240aaae022f29fa41c5b6_8a4964498f83424bb3a86295bf7d0952_startover" botid.schemaname="new_bot_53835c2b30f240aaae022f29fa41c5b6">
    <iscustomizable>1</iscustomizable>
  </bot_botcomponent>
  <bot_botcomponent botcomponentid.schemaname="new_topic_53835c2b30f240aaae022f29fa41c5b6_954135cafcd647eaae5999ad91fc08cf_talktoagent" botid.schemaname="new_bot_53835c2b30f240aaae022f29fa41c5b6">
    <iscustomizable>1</iscustomizable>
  </bot_botcomponent>
  <bot_botcomponent botcomponentid.schemaname="new_topic_53835c2b30f240aaae022f29fa41c5b6_aeabea4d071f415c8c107e1cb7af5424_assumedsuccess" botid.schemaname="new_bot_53835c2b30f240aaae022f29fa41c5b6">
    <iscustomizable>1</iscustomizable>
  </bot_botcomponent>
  <bot_botcomponent botcomponentid.schemaname="new_topic_53835c2b30f240aaae022f29fa41c5b6_ba7b967c97ba4c39bca58a8bb6a72d59_conversationstart" botid.schemaname="new_bot_53835c2b30f240aaae022f29fa41c5b6">
    <iscustomizable>1</iscustomizable>
  </bot_botcomponent>
  <bot_botcomponent botcomponentid.schemaname="new_topic_53835c2b30f240aaae022f29fa41c5b6_d2198a5ee41a48a5bf70ab8970145a9f_confirmedfailure" botid.schemaname="new_bot_53835c2b30f240aaae022f29fa41c5b6">
    <iscustomizable>1</iscustomizable>
  </bot_botcomponent>
  <bot_botcomponent botcomponentid.schemaname="new_topic_53835c2b30f240aaae022f29fa41c5b6_db1f76b081dc43389df9dd2df7518737_confirmedsuccess" botid.schemaname="new_bot_53835c2b30f240aaae022f29fa41c5b6">
    <iscustomizable>1</iscustomizable>
  </bot_botcomponent>
  <bot_botcomponent botcomponentid.schemaname="new_topic_53835c2b30f240aaae022f29fa41c5b6_dbafebd526364487911b63a2a774389f" botid.schemaname="new_bot_53835c2b30f240aaae022f29fa41c5b6">
    <iscustomizable>1</iscustomizable>
  </bot_botcomponent>
  <bot_botcomponent botcomponentid.schemaname="new_topic_53835c2b30f240aaae022f29fa41c5b6_f56d1a3e522740c78f9fac0939332dbd_goodbye" botid.schemaname="new_bot_53835c2b30f240aaae022f29fa41c5b6">
    <iscustomizable>1</iscustomizable>
  </bot_botcomponent>
  <bot_botcomponent botcomponentid.schemaname="new_topic_da6175f31fff43afa628f71d4784a1ce_21a34f1673a24096a99ba0effb63cc1d" botid.schemaname="new_bot_da6175f31fff43afa628f71d4784a1ce">
    <iscustomizable>1</iscustomizable>
  </bot_botcomponent>
  <bot_botcomponent botcomponentid.schemaname="new_topic_da6175f31fff43afa628f71d4784a1ce_33d5123770ba4daeafae51b361ddc80a" botid.schemaname="new_bot_da6175f31fff43afa628f71d4784a1ce">
    <iscustomizable>1</iscustomizable>
  </bot_botcomponent>
  <bot_botcomponent botcomponentid.schemaname="new_topic_da6175f31fff43afa628f71d4784a1ce_3d2584ec30914684839527e05e7be172_thankyou" botid.schemaname="new_bot_da6175f31fff43afa628f71d4784a1ce">
    <iscustomizable>1</iscustomizable>
  </bot_botcomponent>
  <bot_botcomponent botcomponentid.schemaname="new_topic_da6175f31fff43afa628f71d4784a1ce_85df75ce08a44a9b82cc8f3fdb25f669" botid.schemaname="new_bot_da6175f31fff43afa628f71d4784a1ce">
    <iscustomizable>1</iscustomizable>
  </bot_botcomponent>
  <bot_botcomponent botcomponentid.schemaname="new_topic_da6175f31fff43afa628f71d4784a1ce_8a4964498f83424bb3a86295bf7d0952_startover" botid.schemaname="new_bot_da6175f31fff43afa628f71d4784a1ce">
    <iscustomizable>1</iscustomizable>
  </bot_botcomponent>
  <bot_botcomponent botcomponentid.schemaname="new_topic_da6175f31fff43afa628f71d4784a1ce_954135cafcd647eaae5999ad91fc08cf_talktoagent" botid.schemaname="new_bot_da6175f31fff43afa628f71d4784a1ce">
    <iscustomizable>1</iscustomizable>
  </bot_botcomponent>
  <bot_botcomponent botcomponentid.schemaname="new_topic_da6175f31fff43afa628f71d4784a1ce_aeabea4d071f415c8c107e1cb7af5424_assumedsuccess" botid.schemaname="new_bot_da6175f31fff43afa628f71d4784a1ce">
    <iscustomizable>1</iscustomizable>
  </bot_botcomponent>
  <bot_botcomponent botcomponentid.schemaname="new_topic_da6175f31fff43afa628f71d4784a1ce_ba7b967c97ba4c39bca58a8bb6a72d59_conversationstart" botid.schemaname="new_bot_da6175f31fff43afa628f71d4784a1ce">
    <iscustomizable>1</iscustomizable>
  </bot_botcomponent>
  <bot_botcomponent botcomponentid.schemaname="new_topic_da6175f31fff43afa628f71d4784a1ce_d2198a5ee41a48a5bf70ab8970145a9f_confirmedfailure" botid.schemaname="new_bot_da6175f31fff43afa628f71d4784a1ce">
    <iscustomizable>1</iscustomizable>
  </bot_botcomponent>
  <bot_botcomponent botcomponentid.schemaname="new_topic_da6175f31fff43afa628f71d4784a1ce_db1f76b081dc43389df9dd2df7518737_confirmedsuccess" botid.schemaname="new_bot_da6175f31fff43afa628f71d4784a1ce">
    <iscustomizable>1</iscustomizable>
  </bot_botcomponent>
  <bot_botcomponent botcomponentid.schemaname="new_topic_da6175f31fff43afa628f71d4784a1ce_dbafebd526364487911b63a2a774389f" botid.schemaname="new_bot_da6175f31fff43afa628f71d4784a1ce">
    <iscustomizable>1</iscustomizable>
  </bot_botcomponent>
  <bot_botcomponent botcomponentid.schemaname="new_topic_da6175f31fff43afa628f71d4784a1ce_f56d1a3e522740c78f9fac0939332dbd_goodbye" botid.schemaname="new_bot_da6175f31fff43afa628f71d4784a1ce">
    <iscustomizable>1</iscustomizable>
  </bot_botcomponent>
  <bot_botcomponent botcomponentid.schemaname="new_topic_eafdea4554fe45c18d4772ca4db0015e" botid.schemaname="new_bot_da6175f31fff43afa628f71d4784a1ce">
    <iscustomizable>1</iscustomizable>
  </bot_botcomponent>
</bot_botcomponentset>