<botcomponent_workflowset>
  <botcomponent_workflow botcomponentid.schemaname="new_topic_01189970c1e847389d2d3bec7f21b124" workflowid.workflowid="2df53f4a-8320-ed11-b83e-000d3a37e4cb">
    <iscustomizable>1</iscustomizable>
  </botcomponent_workflow>
  <botcomponent_workflow botcomponentid.schemaname="new_topic_14a100a00d9643e4b240fd533627ed16" workflowid.workflowid="e139d929-7520-ed11-b83e-000d3a37e4cb">
    <iscustomizable>1</iscustomizable>
  </botcomponent_workflow>
  <botcomponent_workflow botcomponentid.schemaname="new_topic_eafdea4554fe45c18d4772ca4db0015e" workflowid.workflowid="d534cf30-5020-ed11-b83e-000d3a37e4cb">
    <iscustomizable>1</iscustomizable>
  </botcomponent_workflow>
</botcomponent_workflowset>