<ImportExportXml xmlns:xsi="http://www.w3.org/2001/XMLSchema-instance">
  <Entities></Entities>
  <Roles></Roles>
  <Workflows>
    <Workflow WorkflowId="{d534cf30-5020-ed11-b83e-000d3a37e4cb}" Name="Dealing with Bug Report" Description="Power Virtual Agents에서 이 흐름을 호출합니다.">
      <JsonFileName>/Workflows/DealingwithBugReport-D534CF30-5020-ED11-B83E-000D3A37E4CB.json</JsonFileName>
      <Type>1</Type>
      <Subprocess>0</Subprocess>
      <Category>5</Category>
      <Mode>0</Mode>
      <Scope>4</Scope>
      <OnDemand>0</OnDemand>
      <TriggerOnCreate>0</TriggerOnCreate>
      <TriggerOnDelete>0</TriggerOnDelete>
      <AsyncAutodelete>0</AsyncAutodelete>
      <SyncWorkflowLogOnFailure>0</SyncWorkflowLogOnFailure>
      <StateCode>1</StateCode>
      <StatusCode>2</StatusCode>
      <RunAs>1</RunAs>
      <IsTransacted>1</IsTransacted>
      <IntroducedVersion>1.0.0.0</IntroducedVersion>
      <IsCustomizable>1</IsCustomizable>
      <BusinessProcessType>0</BusinessProcessType>
      <IsCustomProcessingStepAllowedForOtherPublishers>1</IsCustomProcessingStepAllowedForOtherPublishers>
      <PrimaryEntity>none</PrimaryEntity>
      <LocalizedNames>
        <LocalizedName languagecode="1042" description="Dealing with Bug Report" />
      </LocalizedNames>
      <Descriptions>
        <Description languagecode="1042" description="Power Virtual Agents에서 이 흐름을 호출합니다." />
      </Descriptions>
    </Workflow>
    <Workflow WorkflowId="{e139d929-7520-ed11-b83e-000d3a37e4cb}" Name="AssignBugToWorker" Description="Power Virtual Agents에서 이 흐름을 호출합니다.">
      <JsonFileName>/Workflows/AssignBugToWorker-E139D929-7520-ED11-B83E-000D3A37E4CB.json</JsonFileName>
      <Type>1</Type>
      <Subprocess>0</Subprocess>
      <Category>5</Category>
      <Mode>0</Mode>
      <Scope>4</Scope>
      <OnDemand>0</OnDemand>
      <TriggerOnCreate>0</TriggerOnCreate>
      <TriggerOnDelete>0</TriggerOnDelete>
      <AsyncAutodelete>0</AsyncAutodelete>
      <SyncWorkflowLogOnFailure>0</SyncWorkflowLogOnFailure>
      <StateCode>1</StateCode>
      <StatusCode>2</StatusCode>
      <RunAs>1</RunAs>
      <IsTransacted>1</IsTransacted>
      <IntroducedVersion>1.0</IntroducedVersion>
      <IsCustomizable>1</IsCustomizable>
      <BusinessProcessType>0</BusinessProcessType>
      <IsCustomProcessingStepAllowedForOtherPublishers>1</IsCustomProcessingStepAllowedForOtherPublishers>
      <PrimaryEntity>none</PrimaryEntity>
      <LocalizedNames>
        <LocalizedName languagecode="1042" description="AssignBugToWorker" />
      </LocalizedNames>
      <Descriptions>
        <Description languagecode="1042" description="Power Virtual Agents에서 이 흐름을 호출합니다." />
      </Descriptions>
    </Workflow>
    <Workflow WorkflowId="{2df53f4a-8320-ed11-b83e-000d3a37e4cb}" Name="BugFixCompleteAutoflow" Description="Power Virtual Agents에서 이 흐름을 호출합니다.">
      <JsonFileName>/Workflows/BugFixCompleteAutoflow-2DF53F4A-8320-ED11-B83E-000D3A37E4CB.json</JsonFileName>
      <Type>1</Type>
      <Subprocess>0</Subprocess>
      <Category>5</Category>
      <Mode>0</Mode>
      <Scope>4</Scope>
      <OnDemand>0</OnDemand>
      <TriggerOnCreate>0</TriggerOnCreate>
      <TriggerOnDelete>0</TriggerOnDelete>
      <AsyncAutodelete>0</AsyncAutodelete>
      <SyncWorkflowLogOnFailure>0</SyncWorkflowLogOnFailure>
      <StateCode>1</StateCode>
      <StatusCode>2</StatusCode>
      <RunAs>1</RunAs>
      <IsTransacted>1</IsTransacted>
      <IntroducedVersion>1.0.0.0</IntroducedVersion>
      <IsCustomizable>1</IsCustomizable>
      <BusinessProcessType>0</BusinessProcessType>
      <IsCustomProcessingStepAllowedForOtherPublishers>1</IsCustomProcessingStepAllowedForOtherPublishers>
      <PrimaryEntity>none</PrimaryEntity>
      <LocalizedNames>
        <LocalizedName languagecode="1042" description="BugFixCompleteAutoflow" />
      </LocalizedNames>
      <Descriptions>
        <Description languagecode="1042" description="Power Virtual Agents에서 이 흐름을 호출합니다." />
      </Descriptions>
    </Workflow>
  </Workflows>
  <FieldSecurityProfiles></FieldSecurityProfiles>
  <Templates />
  <EntityMaps />
  <EntityRelationships />
  <OrganizationSettings />
  <optionsets />
  <CustomControls />
  <EntityDataProviders />
  <Languages>
    <Language>1042</Language>
  </Languages>
</ImportExportXml>